Text Type,Accuracy
handwritten,0.023816362794588656
typed,0.013959671836706255
